text,font,size,spacing,length,word_count,is_bold,ends_with_punct,is_upper,is_title_case,starts_with_number,relative_y,line_number,page,pred
Ontario’s Libraries,Arial-Black,15.960000038146973,0.0,19,2,0,0,0,0,0,0.0915189608178957,0,0,Paragraph
Working T,Arial-Black,15.960000038146973,22.55145263671875,9,2,0,0,0,1,0,0.1199930171773891,1,0,Paragraph
ogether,Arial-Black,15.960000038146973,0.0,7,1,0,0,0,0,0,0.1199930171773891,2,0,Paragraph
RFP: R,Arial-Black,32.040000915527344,62.53883361816406,6,2,0,0,1,0,0,0.1989561909376972,3,0,Paragraph
RFP: R,Arial-Black,32.040000915527344,-0.25634765625,6,2,0,0,1,0,0,0.1986325196545533,4,0,Paragraph
RFP: R,Arial-Black,32.040000915527344,0.25634765625,6,2,0,0,1,0,0,0.1989561909376972,5,0,Paragraph
RFP: Re,Arial-Black,32.040000915527344,-0.25634765625,7,2,0,0,0,0,0,0.1986325196545533,6,0,Paragraph
e,Arial-Black,32.040000915527344,0.0,1,1,0,0,0,0,0,0.1986325196545533,7,0,Paragraph
e,Arial-Black,32.040000915527344,0.25634765625,1,1,0,0,0,0,0,0.1989561909376972,8,0,Paragraph
equest f,Arial-Black,32.040000915527344,-0.25634765625,8,2,0,0,0,0,0,0.1986325196545533,9,0,Paragraph
quest f,Arial-Black,32.040000915527344,0.0,7,2,0,0,0,0,0,0.1986325196545533,10,0,Paragraph
quest f,Arial-Black,32.040000915527344,0.25634765625,7,2,0,0,0,0,0,0.1989561909376972,11,0,Paragraph
quest fo,Arial-Black,32.040000915527344,-0.25634765625,8,2,0,0,0,0,0,0.1986325196545533,12,0,Paragraph
o,Arial-Black,32.040000915527344,0.0,1,1,0,0,0,0,0,0.1986325196545533,13,0,Paragraph
o,Arial-Black,32.040000915527344,0.25634765625,1,1,0,0,0,0,0,0.1989561909376972,14,0,Paragraph
or Pr,Arial-Black,32.040000915527344,-0.25634765625,5,2,0,0,0,0,0,0.1986325196545533,15,0,Paragraph
r Pr,Arial-Black,32.040000915527344,0.0,4,2,0,0,0,0,0,0.1986325196545533,16,0,Paragraph
r Pr,Arial-Black,32.040000915527344,0.25634765625,4,2,0,0,0,0,0,0.1989561909376972,17,0,Paragraph
r Proposal,Arial-Black,32.040000915527344,-0.25634765625,10,2,0,0,0,0,0,0.1986325196545533,18,0,Paragraph
oposal,Arial-Black,32.040000915527344,0.0,6,1,0,0,0,0,0,0.1986325196545533,19,0,Paragraph
oposal,Arial-Black,32.040000915527344,0.25634765625,6,1,0,0,0,0,0,0.1989561909376972,20,0,Paragraph
oposal,Arial-Black,32.040000915527344,-0.25634765625,6,1,0,0,0,0,0,0.1986325196545533,21,0,Paragraph
T,ArialMT,24.0,87.00303649902344,1,1,0,0,1,1,0,0.3084848384664516,22,0,Paragraph
o Present a Proposal for Developing,ArialMT,24.0,0.0,35,6,0,0,0,0,0,0.3084848384664516,23,0,Paragraph
the Business Plan for the Ontario,ArialMT,24.0,27.600021362304688,33,6,0,0,0,0,0,0.3433333502875434,24,0,Paragraph
Digital Library,ArialMT,24.0,27.600006103515625,15,2,0,0,0,1,0,0.3781818428424873,25,0,Paragraph
"March 21, 2003",ArialMT,20.040000915527344,39.5369873046875,14,3,0,0,0,1,0,0.4281022813585069,26,0,Paragraph
"The Ontario Digital Library will make Ontario a better place to study, work and live by ensuring that",ComicSansMS,9.960000038146973,355.4759521484375,101,18,0,0,0,0,0,0.8769355542732008,27,0,Paragraph
all Ontario citizens have access to the knowledge and learning supports needed to be life-long,ComicSansMS,9.960000038146973,13.924072265625,94,15,0,0,0,0,0,0.8945164535984849,28,0,Paragraph
learners and effective contributors towards Ontario’s prosperity.,ComicSansMS,9.960000038146973,13.924072265625,65,7,0,1,0,0,0,0.9120973529237688,29,0,Paragraph
Ontario’s Digital Library,Arial-Black,20.040000915527344,0.0,25,3,0,0,0,0,0,0.1124962315414891,0,1,H2
A Critical Component for Implementing Ontario’s Road Map to,ArialMT,15.960000038146973,28.505874633789062,59,9,0,0,0,0,0,0.1484884974932429,1,1,Paragraph
Prosperity Strategy,ArialMT,15.960000038146973,18.35400390625,19,2,0,0,0,1,0,0.1716627448496192,2,1,Paragraph
Summary,Arial-Black,12.0,60.06309509277344,7,1,0,0,0,1,0,0.2474999861283735,3,1,Paragraph
The purpose of this Request for Proposal ( RFP ) is to invite firms and/or consultants to,ArialMT,11.039999961853027,30.67201232910156,89,17,0,0,0,0,0,0.2862272744226937,4,1,Paragraph
present a proposal for developing the business plan for the Ontario Digital Library (ODL).,ArialMT,11.039999961853027,12.59661865234375,90,14,0,1,0,0,0,0.3021320959534307,5,1,Paragraph
The ODL will deliver high-quality library electronic content to all Ontario residents in order to,ArialMT,11.039999961853027,12.71807861328125,97,15,0,0,0,0,0,0.3181902760207051,6,1,Paragraph
"assist people as they learn, work, and enhance their quality of life. The business plan to be",ArialMT,11.039999961853027,12.718063354492188,93,17,0,0,0,0,0,0.3342484368218316,7,1,Paragraph
developed is to document and clearly communicate:,ArialMT,11.039999961853027,12.596649169921877,49,7,0,1,0,0,0,0.3501532968848642,8,1,Paragraph
"how the ODL will be implemented, including the timeline",ArialMT,11.039999961853027,24.71856689453125,55,9,0,0,0,0,0,0.3813636086203835,9,1,Paragraph
the financial plan for the implementation,ArialMT,11.039999961853027,12.596649169921877,41,6,0,0,0,0,0,0.3972684686834162,10,1,Paragraph
"the financial plan for the first 2 operating years, including capital and operating costs,",ArialMT,11.039999961853027,12.596649169921877,90,14,0,0,0,0,0,0.4131733287464488,11,1,Paragraph
"revenues, etc.",ArialMT,11.039999961853027,12.71807861328125,14,2,0,1,0,0,0,0.4292315088137232,12,1,Paragraph
a financial forecast for the succeeding 2 operating years,ArialMT,11.039999961853027,12.596649169921877,57,9,0,0,0,0,0,0.4451363688767558,13,1,Paragraph
the services and products to be delivered by the ODL,ArialMT,11.039999961853027,12.71807861328125,52,10,0,0,0,0,0,0.4611945489440301,14,1,Paragraph
how the ODL will operate and be managed following the implementation,ArialMT,11.039999961853027,12.596649169921877,68,11,0,0,0,0,0,0.4770994090070628,15,1,Paragraph
"who will be involved, and what their role/responsibility will be, for both the",ArialMT,11.039999961853027,12.596649169921877,78,13,0,0,0,0,0,0.4930042690700955,16,1,Paragraph
implementation and operational stages,ArialMT,11.039999961853027,12.71807861328125,37,4,0,0,0,0,0,0.5090624491373698,17,1,Paragraph
the marketing and communications plan for the ODL,ArialMT,11.039999961853027,12.596649169921877,49,8,0,0,0,0,0,0.5249673092004025,18,1,Paragraph
This business plan must be completed and approved by the ODL Steering Committee no,ArialMT,11.039999961853027,25.325714111328125,82,14,0,0,0,0,0,0.5569442209571299,19,1,Paragraph
"later than September 30, 2003",ArialMT,11.039999961853027,12.596649169921877,29,5,0,0,0,0,0,0.5728490810201625,20,1,Paragraph
Timeline:,Arial-ItalicMT,11.039999961853027,24.77377319335937,9,1,0,1,0,1,0,0.6041290976784446,21,1,Paragraph
Those firms/consultants intended to submit a proposal to this RFP must indicate their,ArialMT,11.039999961853027,24.5418701171875,85,13,0,0,0,0,0,0.6351163074223682,22,1,Paragraph
intention to do so in an e-mail to Michael Ridley ( mridley@uoguelph.ca ) by April 11 th .,ArialMT,11.039999961853027,12.119720458984377,90,18,0,1,0,0,0,0.6504189847695707,23,1,Paragraph
"Proposals may be e-mailed, mailed, couriered or faxed to: Larry Moore",ArialMT,11.039999961853027,25.2373046875,69,11,0,0,0,0,0,0.6822842684659091,24,1,Paragraph
"( lmoore@accessola.com ), Executive Director, The Ontario Library Association, 100 Lombard",ArialMT,11.039999961853027,12.59661865234375,90,11,0,0,0,0,0,0.6981890899966462,25,1,Paragraph
"St., Suite 303, Toronto, ON  M5C 1M3. Proposals must be received by Noon on Monday,",ArialMT,9.960000038146973,12.72625732421875,83,15,0,0,0,0,0,0.7142575967191446,26,1,Paragraph
"April 21, 2003.",Arial-BoldItalicMT,11.039999961853027,12.61865234375,15,3,1,1,0,1,0,0.7301902385673138,27,1,Paragraph
Those proposals that are short-listed will be invited to discuss their proposal during the week,ArialMT,11.039999961853027,24.696533203125,95,15,0,0,0,0,0,0.7613727299854008,28,1,Paragraph
"of April 28, 2003 . No presentation will be expected. Firms or consultants invited to an",ArialMT,11.039999961853027,12.59661865234375,88,16,0,0,0,0,0,0.777277551516138,29,1,Paragraph
interview will be expected to discuss the project and their approach with the selection,ArialMT,11.039999961853027,12.7181396484375,87,14,0,0,0,0,0,0.7933358086480035,30,1,Paragraph
committee .,ArialMT,11.039999961853027,12.59661865234375,11,2,0,1,0,0,0,0.8092406301787405,31,1,Paragraph
"Contracts with the firm/consultant will be signed the week of May 5, 2003 with the work to",ArialMT,11.039999961853027,24.59710693359375,90,17,0,0,0,0,0,0.8402975833777225,32,1,Paragraph
commence as soon as possible thereafter.,ArialMT,11.039999961853027,12.71807861328125,40,6,0,1,0,0,0,0.8563557634449969,33,1,Paragraph
RFP: To Develop the Ontario Digital Library Business Plan,Arial-BoldItalicMT,7.559999942779541,54.53436279296875,57,9,1,0,0,0,0,0.9252122821229876,34,1,Paragraph
March 2003,Arial-BoldItalicMT,7.559999942779541,0.0,10,2,1,0,0,1,0,0.9252122821229876,35,1,Paragraph
2,Arial-BlackItalic,9.0,-1.51824951171875,1,1,0,0,0,0,1,0.923295300416272,36,1,Paragraph
2,Arial-BlackItalic,9.0,0.2430419921875,1,1,0,0,0,0,1,0.9236021716185292,37,1,Paragraph
2,Arial-BlackItalic,9.0,0.0,1,1,0,0,0,0,1,0.9236021716185292,38,1,Paragraph
2,Arial-BlackItalic,9.0,-0.2430419921875,1,1,0,0,0,0,1,0.923295300416272,39,1,Paragraph
Please note that we reserve the right not to select any of the submitted proposals and may,ArialMT,11.039999961853027,0.0,90,17,0,0,0,0,0,0.0888030504939532,0,2,Paragraph
seek further response to these Terms of Reference.,ArialMT,11.039999961853027,12.59661865234375,50,8,0,1,0,0,0,0.1047078720246902,1,2,Paragraph
"If you require further information or have any questions, please contact Michael Ridley by e-",ArialMT,11.039999961853027,24.71856689453125,93,15,0,0,0,0,0,0.1359181837602095,2,2,Paragraph
mail ( mridley@uoguelph.ca ) only by 3:00 p.m. on Friday April 18th . All questions and,ArialMT,11.039999961853027,12.59661865234375,87,16,0,0,0,0,0,0.1518230052909465,3,2,Paragraph
responses will be shared with those who have indicated that they will be submitting a,ArialMT,11.039999961853027,12.71807861328125,85,15,0,0,0,0,0,0.1678811853582208,4,2,Paragraph
"proposal. Please note, that firms/consultants who have not indicated in an e-mail to Michael",ArialMT,11.039999961853027,12.59661865234375,92,14,0,0,0,0,0,0.1837860068889579,5,2,Paragraph
Ridley by April 11 th that they will be submitting a proposal will not receive any further,ArialMT,11.039999961853027,11.959487915039062,90,17,0,0,0,0,0,0.1988863704180476,6,2,Paragraph
information or question responses.,ArialMT,11.039999961853027,13.372055053710938,34,4,0,1,0,0,0,0.2157702783141473,7,2,Paragraph
Background,Arial-Black,12.0,35.56993103027344,10,1,0,0,0,1,0,0.2606818073927754,8,2,Paragraph
"First, some background on the ODL. For the last two years the Ontario Library Association",ArialMT,11.039999961853027,30.792007446289062,89,15,0,0,0,0,0,0.2995606046734434,9,2,Paragraph
"has acted as a catalyst, bringing together the stakeholders needed to create the Ontario",ArialMT,11.039999961853027,12.59661865234375,88,14,0,0,0,0,0,0.3154654262041805,10,2,Paragraph
"Digital Library (ODL). These stakeholders include Ontario’s 5000+ public libraries, university,",ArialMT,11.039999961853027,12.596603393554688,95,11,0,0,0,0,0,0.3313702284687697,11,2,Paragraph
"college, and school libraries, as well as Ontario government ministries.",ArialMT,11.039999961853027,12.71807861328125,72,10,0,1,0,0,0,0.347428408536044,12,2,Paragraph
Libraries that serve very different clientele recognize that by working together they can create,ArialMT,11.039999961853027,24.59710693359375,96,14,0,0,0,0,0,0.378485361735026,13,2,Paragraph
"seamless access to quality electronic library services. Through the ODL, students will be",ArialMT,11.039999961853027,12.71807861328125,89,13,0,0,0,0,0,0.3945435418023003,14,2,Paragraph
"able to explore a topic at school, use the same child-safe resources after school (either at",ArialMT,11.039999961853027,12.596649169921877,92,16,0,0,0,0,0,0.410448401865333,15,2,Paragraph
"home or at a public library), enter college or university with a knowledge of how to use",ArialMT,11.039999961853027,12.596649169921877,88,17,0,0,0,0,0,0.4263532619283657,16,2,Paragraph
"electronic resources that are still available and then, after graduation, continue to use these",ArialMT,11.039999961853027,12.71807861328125,95,14,0,0,0,0,0,0.44241144199564,17,2,Paragraph
skills and resources at work or at home.,ArialMT,11.039999961853027,12.596649169921877,40,8,0,1,0,0,0,0.4583163020586727,18,2,Paragraph
We are moving into a period of convergence. With convergence we no longer have to license,ArialMT,11.039999961853027,24.71856689453125,89,16,0,0,0,0,0,0.4895266137941919,19,2,Paragraph
commercial products as individual libraries or institutions. We can work together to spend our,ArialMT,11.039999961853027,12.596649169921877,94,14,0,0,0,0,0,0.5054314738572246,20,2,Paragraph
money wisely. The provincial government has made this possible by working hard to provide,ArialMT,11.039999961853027,12.596649169921877,89,14,0,0,0,0,0,0.5213363339202572,21,2,Paragraph
"all Ontarians with a stable, high-speed communications infrastructure. While there is still a",ArialMT,11.039999961853027,12.71807861328125,93,13,0,0,0,0,0,0.5373945139875316,22,2,Paragraph
"great deal of work needed to improve this infrastructure, libraries are beginning to plan how",ArialMT,11.039999961853027,12.596649169921877,93,15,0,0,0,0,0,0.5532993740505643,23,2,Paragraph
best to exploit communications technology. We can reduce barriers to access and create the,ArialMT,11.039999961853027,12.71807861328125,90,14,0,0,0,0,0,0.5693575541178385,24,2,Paragraph
content infrastructure needed to support a knowledge society.,ArialMT,11.039999961853027,12.596649169921877,61,8,0,1,0,0,0,0.5852624141808712,25,2,Paragraph
"The concept of an ODL is a key element in The Roadmap to Prosperity , a strategic plan to",ArialMT,11.039999961853027,24.59710693359375,89,19,0,0,0,0,0,0.6163193673798533,26,2,Paragraph
envision and attain Ontario’s economic goal prepared by the Ontario Jobs and Investment,ArialMT,11.039999961853027,12.718109130859377,87,13,0,0,0,0,0,0.6323775859794232,27,2,Paragraph
Board. The OJIB strategic plan recommends an electronic library to “connect students to new,ArialMT,11.039999961853027,12.596649169921877,91,14,0,0,0,0,0,0.6482824460424558,28,2,Paragraph
"workplaces, new sources of information and applied learning opportunities”. The ODL will do",ArialMT,11.039999961853027,12.71807861328125,91,13,0,0,0,0,0,0.6643406261097301,29,2,Paragraph
"that and much more. The ODL will connect students to electronic information, and will also",ArialMT,11.039999961853027,12.59661865234375,90,15,0,0,0,0,0,0.6802454476404671,30,2,Paragraph
leverage this investment to help connect all citizens to the electronic information they need as,ArialMT,11.039999961853027,12.59661865234375,96,15,0,0,0,0,0,0.6961502691712043,31,2,Paragraph
"they make decisions, solve problems and enhance their quality of life.",ArialMT,11.039999961853027,12.7181396484375,70,11,0,1,0,0,0,0.7122085263030697,32,2,Paragraph
Libraries have long been a key delivery point for public services. The ODL will allow that,ArialMT,11.039999961853027,25.32574462890625,90,16,0,0,0,0,0,0.7441854765920928,33,2,Paragraph
"delivery point to move closer to citizens, into the smallest of libraries and even into living",ArialMT,11.039999961853027,12.59661865234375,94,16,0,0,0,0,0,0.7600902981228299,34,2,Paragraph
rooms.,ArialMT,11.039999961853027,12.71807861328125,6,1,0,1,0,0,0,0.7761484781901041,35,2,Paragraph
"Libraries have a long tradition of using a practical, consultative approach to solving problems,",ArialMT,11.039999961853027,25.20428466796875,96,14,0,0,0,0,0,0.80797206994259,36,2,Paragraph
and of learning from others. The ODL is a very practical solution to various problems.,ArialMT,11.039999961853027,12.7181396484375,86,15,0,1,0,0,0,0.8240303270744554,37,2,Paragraph
Jurisdiction-wide digital libraries are very practical and very real. The ODL we propose is,ArialMT,11.039999961853027,25.32574462890625,91,14,0,0,0,0,0,0.8560072773634785,38,2,Paragraph
leading edge for Ontario but several jurisdictions have forged the path with collaborative,ArialMT,11.039999961853027,12.59661865234375,90,13,0,0,0,0,0,0.8719120988942156,39,2,Paragraph
"digital libraries. We can learn from their experiences. For example, The Alberta Library (TAL)",ArialMT,11.039999961853027,12.5966796875,94,14,0,0,0,0,0,0.8878169974895439,40,2,Paragraph
RFP: To Develop the Ontario Digital Library Business Plan,Arial-BoldItalicMT,7.559999942779541,29.6170654296875,57,9,1,0,0,0,0,0.9252122821229876,41,2,Paragraph
March 2003,Arial-BoldItalicMT,7.559999942779541,0.0,10,2,1,0,0,1,0,0.9252122821229876,42,2,Paragraph
3,Arial-BlackItalic,9.0,-1.51824951171875,1,1,0,0,0,0,1,0.923295300416272,43,2,Paragraph
3,Arial-BlackItalic,9.0,0.2430419921875,1,1,0,0,0,0,1,0.9236021716185292,44,2,Paragraph
3,Arial-BlackItalic,9.0,0.0,1,1,0,0,0,0,1,0.9236021716185292,45,2,Paragraph
3,Arial-BlackItalic,9.0,-0.2430419921875,1,1,0,0,0,0,1,0.923295300416272,46,2,Paragraph
was incorporated in 1997 as a province-wide library consortium. TAL works collaboratively,ArialMT,11.039999961853027,0.0,89,12,0,0,0,0,0,0.0886915380304509,0,3,Paragraph
with its members to promote universal access to materials and resources in more than 250,ArialMT,11.039999961853027,12.59661865234375,88,15,0,0,0,0,0,0.104596359561188,1,3,Paragraph
"public, post-secondary, special, government and regional libraries. Unlike ODL, TAL does",ArialMT,11.039999961853027,12.71807861328125,88,11,0,0,0,0,0,0.1206545396284623,2,3,Paragraph
"not include elementary or secondary schools. However, the timeline and funding we are",ArialMT,11.039999961853027,12.59661865234375,85,13,0,0,0,0,0,0.1365593611591994,3,3,Paragraph
proposing for ODL is comparable to TAL‘s experience. TAL’s business planning took several,ArialMT,11.039999961853027,12.71807861328125,89,13,0,0,0,0,0,0.1526175412264737,4,3,Paragraph
years. TAL’s implementation plan was supported by 8 million dollars in provincially shared,ArialMT,11.039999961853027,12.59661865234375,90,13,0,0,0,0,0,0.1685223627572107,5,3,Paragraph
"funding, spread over three years, later revised to 15 million dollars over 4 years. Not only is",ArialMT,11.039999961853027,12.59661865234375,95,17,0,0,0,0,0,0.1844271842879478,6,3,Paragraph
"Alberta’s population 30% of Ontario’s, TAL does not include elementary or secondary",ArialMT,11.039999961853027,12.71807861328125,83,12,0,0,0,0,0,0.2004853643552221,7,3,Paragraph
schools as partners; it has 250 member libraries. ODL envisions universal access for all,ArialMT,11.039999961853027,12.59661865234375,88,14,0,0,0,0,0,0.2163901858859592,8,3,Paragraph
"10,000,000 Ontarians, with more than 5000 Ontario libraries as partners. Although ODL can",ArialMT,11.039999961853027,12.71807861328125,89,13,0,0,0,0,1,0.2324483659532335,9,3,Paragraph
"learn from TAL’s practices, the scope of planning and implementing ODL is much larger than",ArialMT,11.039999961853027,12.59661865234375,90,15,0,0,0,0,0,0.2483531874839705,10,3,Paragraph
TAL.,ArialMT,11.039999961853027,12.59661865234375,4,1,0,1,1,0,0,0.2642580090147076,11,3,Paragraph
The ODL will be a partnership-based organization providing seamless electronic information,ArialMT,11.039999961853027,25.32574462890625,90,11,0,0,0,0,0,0.2962349593037306,12,3,Paragraph
services and resources to the citizens of Ontario. It will use local libraries as the entry point for,ArialMT,11.039999961853027,12.71807861328125,101,18,0,0,0,0,0,0.3122931393710049,13,3,Paragraph
common resources The ODL will recognize the unique responsibilities and needs of public,ArialMT,11.039999961853027,12.596603393554688,87,13,0,0,0,0,0,0.3281979416355942,14,3,Paragraph
"libraries, school libraries, college and university libraries and special libraries. The ODL",ArialMT,11.039999961853027,12.71807861328125,92,12,0,0,0,0,0,0.3442561217028685,15,3,Paragraph
"envisions a digital network of information resources, allowing members to collaborate when",ArialMT,11.039999961853027,12.596649169921877,90,12,0,0,0,0,0,0.3601609817659012,16,3,Paragraph
there is mutual benefit and to support the common mandates of local libraries.,ArialMT,11.039999961853027,12.596649169921877,78,13,0,1,0,0,0,0.3760658418289339,17,3,Paragraph
The principles which will define and guide the ODL are:,ArialMT,11.039999961853027,24.71856689453125,55,10,0,1,0,0,0,0.4072761535644531,18,3,Paragraph
Equitable access for all Ontarians:,Arial-BoldItalicMT,11.039999961853027,24.61920166015625,35,5,1,1,0,0,0,0.4383610041454585,19,3,Paragraph
"We will bring consistent, high-quality electronic resources and services to 10 million",ArialMT,11.039999961853027,24.69647216796875,86,12,0,0,0,0,0,0.4695434184989543,20,3,Paragraph
Ontario citizens,ArialMT,11.039999961853027,12.596649169921877,16,2,0,0,0,0,0,0.4854482785619871,21,3,Paragraph
We will eliminate barriers to the access to information and create more consistent,ArialMT,11.039999961853027,24.59710693359375,82,13,0,0,0,0,0,0.5165052317609691,22,3,Paragraph
services for library clients.,ArialMT,11.039999961853027,12.71807861328125,29,4,0,1,0,0,0,0.5325634118282434,23,3,Paragraph
Shared decision-making and accountability:,Arial-BoldItalicMT,11.039999961853027,24.61920166015625,42,4,1,1,0,0,0,0.5636482624092487,24,3,Paragraph
We will facilitate consensus among members regarding ODL’s portfolio of electronic,ArialMT,11.039999961853027,24.69647216796875,82,11,0,0,0,0,0,0.5948306767627446,25,3,Paragraph
licenses and services,ArialMT,11.039999961853027,12.596649169921877,21,3,0,0,0,0,0,0.6107355368257773,26,3,Paragraph
We will balance the interests and realities of small and large as well as rich and poor,ArialMT,11.039999961853027,24.59710693359375,87,17,0,0,0,0,0,0.6417924900247594,27,3,Paragraph
communities and institutions.,ArialMT,11.039999961853027,12.718109130859377,29,3,0,1,0,0,0,0.6578507086243293,28,3,Paragraph
Shared governance structure:,Arial-BoldItalicMT,11.039999961853027,24.619140625,28,3,1,1,0,0,0,0.6889354821407434,29,3,Paragraph
We will share decision-making in order to enable the people we serve.,ArialMT,11.039999961853027,24.696533203125,69,12,0,1,0,0,0,0.7201179735588304,30,3,Paragraph
We will work based on an underlying assumption of trust and synergy.,ArialMT,11.039999961853027,24.59716796875,68,12,0,1,0,0,0,0.7511750038224038,31,3,Paragraph
Shared funding:,Arial-BoldItalicMT,11.039999961853027,24.619140625,15,2,1,1,0,0,0,0.7822597773388179,32,3,Paragraph
"We will leverage provincial, institutional, and local dollars to realize economies of scale",ArialMT,11.039999961853027,24.696533203125,91,13,0,0,0,0,0,0.813442268756905,33,3,Paragraph
and put Ontario dollars to work for everyone .,ArialMT,11.039999961853027,12.59661865234375,46,9,0,1,0,0,0,0.8293470902876421,34,3,Paragraph
We will be willing to pool talents and dollars in order to provide common services that are,ArialMT,11.039999961853027,24.71856689453125,91,17,0,0,0,0,0,0.8605574020231613,35,3,Paragraph
truly greater than those that can be maintained by individual institutions.,ArialMT,11.039999961853027,12.59661865234375,75,11,0,1,0,0,0,0.8764622235538984,36,3,Paragraph
RFP: To Develop the Ontario Digital Library Business Plan,Arial-BoldItalicMT,7.559999942779541,38.61004638671875,57,9,1,0,0,0,0,0.9252122821229876,37,3,Paragraph
March 2003,Arial-BoldItalicMT,7.559999942779541,0.0,10,2,1,0,0,1,0,0.9252122821229876,38,3,Paragraph
4,Arial-BlackItalic,9.0,-1.51824951171875,1,1,0,0,0,0,1,0.923295300416272,39,3,Paragraph
4,Arial-BlackItalic,9.0,0.2430419921875,1,1,0,0,0,0,1,0.9236021716185292,40,3,Paragraph
4,Arial-BlackItalic,9.0,0.0,1,1,0,0,0,0,1,0.9236021716185292,41,3,Paragraph
4,Arial-BlackItalic,9.0,-0.2430419921875,1,1,0,0,0,0,1,0.923295300416272,42,3,Paragraph
Local points of entry:,Arial-BoldItalicMT,11.039999961853027,0.0,22,4,1,1,0,0,0,0.0887053903907236,0,4,Paragraph
"We will provide the licenses, infrastructure, services and support that enable local",ArialMT,11.039999961853027,25.303726196289062,84,12,0,0,0,0,0,0.1206545396284623,1,4,Paragraph
"libraries to provide exceptional services to their clientele. ODL will focus on support,",ArialMT,11.039999961853027,12.59661865234375,88,13,0,0,0,0,0,0.1365593611591994,2,4,Paragraph
"providing the underpinning, not overshadowing.",ArialMT,11.039999961853027,12.71807861328125,46,5,0,1,0,0,0,0.1526175412264737,3,4,Paragraph
Services envisioned for the ODL’s include:,ArialMT,11.039999961853027,25.204345703125,42,6,0,1,0,0,0,0.1844412100435507,4,4,Paragraph
Access:,Arial-BoldItalicMT,11.039999961853027,25.347824096679688,7,1,1,1,0,1,0,0.2164460384484493,5,4,Paragraph
"to the “deep” web (i.e. Commercial, purchased electronic services)",ArialMT,11.039999961853027,12.695999145507812,66,9,0,0,0,0,0,0.2324763403998481,6,4,Paragraph
to credible web sites and electronic resources,ArialMT,11.039999961853027,12.59661865234375,46,7,0,0,0,0,0,0.2483811619305851,7,4,Paragraph
to digital government information,ArialMT,11.039999961853027,12.59661865234375,33,4,0,0,0,0,0,0.2642859834613222,8,4,Paragraph
to local digital collections,ArialMT,11.039999961853027,12.71807861328125,28,4,0,0,0,0,0,0.2803441635285965,9,4,Paragraph
Guidance and Advice:,Arial-BoldItalicMT,11.039999961853027,25.347946166992188,20,3,1,1,0,0,0,0.3123491460626775,10,4,Paragraph
to support e-learning,ArialMT,11.039999961853027,12.57452392578125,21,3,0,0,0,0,0,0.3282260702113913,11,4,Paragraph
"to support citizens, in real-time, as they try to use electronic resources",ArialMT,11.039999961853027,12.71807861328125,74,12,0,0,0,0,0,0.3442842502786655,12,4,Paragraph
to assist citizens as they use web-links,ArialMT,11.039999961853027,12.596649169921877,40,7,0,0,0,0,0,0.3601891103416982,13,4,Paragraph
Training:,Arial-BoldItalicMT,11.039999961853027,12.618743896484377,9,1,1,1,0,1,0,0.3761218677867542,14,4,Paragraph
for library workers,ArialMT,11.039999961853027,12.69598388671875,19,3,0,0,0,0,0,0.3921521504720052,15,4,Paragraph
for the general public,ArialMT,11.039999961853027,12.596649169921877,22,4,0,0,0,0,0,0.4080570105350379,16,4,Paragraph
Provincial Purchasing & Licensing:,Arial-BoldItalicMT,11.039999961853027,25.34783935546875,34,4,1,1,0,1,0,0.4400618582060843,17,4,Paragraph
of electronic content on a consortia basis for all member libraries,ArialMT,11.039999961853027,12.574554443359377,67,11,0,0,0,0,0,0.4559388208870936,18,4,Paragraph
Technological Support:,Arial-BoldItalicMT,11.039999961853027,25.34783935546875,22,2,1,1,0,1,0,0.48794366855814,19,4,Paragraph
of common standards for the preservation and archiving local digital content,ArialMT,11.039999961853027,12.69598388671875,76,11,0,0,0,0,0,0.503973951243391,20,4,Paragraph
of a common interface to ODL resources and services that can be imbedded in local,ArialMT,11.039999961853027,12.596649169921877,81,15,0,0,0,0,0,0.5198788113064237,21,4,Paragraph
library web sites,ArialMT,11.039999961853027,12.59661865234375,17,3,0,0,0,0,0,0.5357836328371607,22,4,Paragraph
What could the ODL really mean?,Arial-Black,11.039999961853027,42.117584228515625,31,6,0,1,0,0,0,0.5889624008024582,23,4,Paragraph
For each Ontario citizen it could mean:,Arial-BoldMT,11.039999961853027,25.49139404296875,39,7,1,1,0,0,0,0.6211485043920651,24,4,Paragraph
One local point of entry to access seamless electronic library services and,ArialMT,11.039999961853027,12.7843017578125,75,12,0,0,0,0,0,0.6372902995408184,25,4,Paragraph
"resources for their personal, educational and professional needs;",ArialMT,11.039999961853027,12.596710205078123,65,8,0,1,0,0,0,0.6531952366684423,26,4,Paragraph
"Access to credible, high-quality, user-friendly electronic services through their",ArialMT,11.039999961853027,12.718017578125,81,9,0,0,0,0,0,0.6692533396711253,27,4,Paragraph
"community, school, or academic library;",ArialMT,11.039999961853027,12.59661865234375,39,5,0,1,0,0,0,0.6851581612018623,28,4,Paragraph
Confidence that the electronic services and sources they – and their children,ArialMT,11.039999961853027,12.59661865234375,77,12,0,0,0,0,0,0.7010629827325995,29,4,Paragraph
"– are using are safe, valid, and bringing them both global and local",ArialMT,11.039999961853027,12.71807861328125,68,13,0,0,0,0,0,0.7171211627998737,30,4,Paragraph
perspectives;,ArialMT,11.039999961853027,12.5966796875,13,1,0,1,0,0,0,0.733026061395202,31,4,Paragraph
Electronic information and tools that enhance job skills and the learning,ArialMT,11.039999961853027,12.71807861328125,73,11,0,0,0,0,0,0.7490842414624763,32,4,Paragraph
experience,ArialMT,11.039999961853027,12.5966796875,10,1,0,0,0,0,0,0.7649891400578046,33,4,Paragraph
For each Ontario student it could mean:,Arial-BoldMT,11.039999961853027,24.5308837890625,39,7,1,1,0,0,0,0.7959624781753077,34,4,Paragraph
"One local point of entry to quality, curriculum- based electronic information",ArialMT,11.039999961853027,12.7843017578125,77,11,0,0,0,0,0,0.8121042733240609,35,4,Paragraph
resources and services,ArialMT,11.039999961853027,12.5966796875,22,3,0,0,0,0,0,0.8280091719193892,36,4,Paragraph
"Connection to their individual educational environment, whether at the",ArialMT,11.039999961853027,12.71807861328125,70,9,0,0,0,0,0,0.8440673519866635,37,4,Paragraph
"elementary, secondary or post-secondary levels",ArialMT,11.039999961853027,12.59661865234375,46,5,0,0,0,0,0,0.8599721735174005,38,4,Paragraph
RFP: To Develop the Ontario Digital Library Business Plan,Arial-BoldItalicMT,7.559999942779541,51.670166015625,57,9,1,0,0,0,0,0.9252122821229876,39,4,Paragraph
March 2003,Arial-BoldItalicMT,7.559999942779541,0.0,10,2,1,0,0,1,0,0.9252122821229876,40,4,Paragraph
5,Arial-BlackItalic,9.0,-1.51824951171875,1,1,0,0,0,0,1,0.923295300416272,41,4,Paragraph
5,Arial-BlackItalic,9.0,0.2430419921875,1,1,0,0,0,0,1,0.9236021716185292,42,4,Paragraph
5,Arial-BlackItalic,9.0,0.0,1,1,0,0,0,0,1,0.9236021716185292,43,4,Paragraph
5,Arial-BlackItalic,9.0,-0.2430419921875,1,1,0,0,0,0,1,0.923295300416272,44,4,Paragraph
"Confidence that the services and resources people are using are credible,",ArialMT,11.039999961853027,0.0,73,11,0,0,0,0,0,0.0888030504939532,0,5,Paragraph
available when they need them and adaptable to different learning styles,ArialMT,11.039999961853027,12.59661865234375,72,11,0,0,0,0,0,0.1047078720246902,1,5,Paragraph
For each Ontario library it could mean:,Arial-BoldMT,11.039999961853027,25.259544372558597,39,7,1,1,0,0,0,0.1366012361314561,2,5,Paragraph
One point of entry for themselves and their clientele to quality electronic,ArialMT,11.039999961853027,12.784339904785156,75,12,0,0,0,0,0,0.1527430794455788,3,5,Paragraph
"resources and services that support and enhance their collections, programs",ArialMT,11.039999961853027,12.59661865234375,75,10,0,0,0,0,0,0.1686479009763159,4,5,Paragraph
and services,ArialMT,11.039999961853027,12.59661865234375,12,2,0,0,0,0,0,0.1845527225070529,5,5,Paragraph
"The opportunity to show case their local community, collections, services, and",ArialMT,11.039999961853027,12.71807861328125,78,11,0,0,0,0,0,0.2006109025743272,6,5,Paragraph
expertise,ArialMT,11.039999961853027,12.5965576171875,9,1,0,0,0,0,0,0.2165156470404731,7,5,Paragraph
"The opportunity to gain from the provincial, collaborative partnership in order",ArialMT,11.039999961853027,12.71807861328125,79,11,0,0,0,0,0,0.2325738271077474,8,5,Paragraph
to provide a seamless gateway to digital resources and services,ArialMT,11.039999961853027,12.59661865234375,63,10,0,0,0,0,0,0.2484786486384844,9,5,Paragraph
For the Ontario government it could mean:,Arial-BoldMT,11.039999961853027,25.25965881347656,41,7,1,1,0,0,0,0.2803721572413589,10,5,Paragraph
"A point of entry to information services and resources for all Ontario citizens,",Arial-ItalicMT,11.039999961853027,12.662887573242188,80,13,0,0,0,0,0,0.2963606516520182,11,5,Paragraph
connecting to portal initiatives .,ArialMT,11.039999961853027,12.71807861328125,34,5,0,1,0,0,0,0.3124188317192925,12,5,Paragraph
Support of the Ontario E-Learning strategy through a collaborative digital,ArialMT,11.039999961853027,12.596603393554688,74,10,0,0,0,0,0,0.3283236339838818,13,5,Paragraph
library initiative that positions Ontario on the global e-learning scene,ArialMT,11.039999961853027,12.71807861328125,72,10,0,0,0,0,0,0.3443818140511561,14,5,Paragraph
Improved access and flexibility for all students at all ages and stages,ArialMT,11.039999961853027,12.596649169921877,71,12,0,0,0,0,0,0.3602866741141887,15,5,Paragraph
(supports Ontario’s lifelong learning strategy),ArialMT,11.039999961853027,12.596649169921877,47,5,0,0,0,0,0,0.3761915341772214,16,5,Paragraph
The opportunity to address emerging job skills shortages and facilitate school,ArialMT,11.039999961853027,12.71807861328125,78,11,0,0,0,0,0,0.3922497142444957,17,5,Paragraph
to work and job to job transitions with the necessary information and,ArialMT,11.039999961853027,12.596649169921877,69,12,0,0,0,0,0,0.4081545743075284,18,5,Paragraph
knowledge supports and tools,ArialMT,11.039999961853027,12.71807861328125,28,4,0,0,0,0,0,0.4242127543748027,19,5,Paragraph
ODL will be an incorporated non-profit organization governed by a Board of Directors elected,ArialMT,11.039999961853027,25.20428466796875,92,14,0,0,0,0,0,0.4560363461272885,20,5,Paragraph
by a voting membership. The Board will include representatives from all stakeholders. We,ArialMT,11.039999961853027,12.71807861328125,88,13,0,0,0,0,0,0.4720945261945628,21,5,Paragraph
envision a governance model similar to that prepared for the province’s ORION network.,ArialMT,11.039999961853027,12.596649169921877,86,13,0,1,0,0,0,0.4879993862575955,22,5,Paragraph
"More information regarding the envisioned phasing, funding and resources required for the",ArialMT,11.039999961853027,24.71856689453125,89,12,0,0,0,0,0,0.5192096979931148,23,5,Paragraph
ODL can be found in the appendixes.,ArialMT,11.039999961853027,12.596649169921877,35,7,0,1,0,0,0,0.5351145580561474,24,5,Paragraph
The Business Plan to be Developed,Arial-Black,12.0,35.609283447265625,33,6,0,0,0,0,0,0.5800757745299676,25,5,Paragraph
The business plan which needs to be developed for the ODL must be a formal business plan,ArialMT,11.039999961853027,42.3118896484375,88,17,0,0,0,0,0,0.6334998776214291,26,5,Paragraph
"that documents and clearly communicates the ODL’s services, funding and governance",ArialMT,11.039999961853027,12.596649169921877,82,11,0,0,0,0,0,0.6494047376844618,27,5,Paragraph
"structures, as well as implementation plans for 2004-2005, and operational plans for 2005-",ArialMT,11.039999961853027,12.5966796875,90,13,0,0,0,0,0,0.6653096362797901,28,5,Paragraph
"2007. The planning process must also secure the full commitment of all stakeholders, as",ArialMT,11.039999961853027,12.71807861328125,87,14,0,0,0,0,1,0.6813678163470644,29,5,Paragraph
represented on the Steering Committee.,ArialMT,11.039999961853027,12.59661865234375,38,5,0,1,0,0,0,0.6972726378778015,30,5,Paragraph
"Specifically, the business plan must include:",ArialMT,11.039999961853027,24.1224365234375,45,6,0,1,0,0,0,0.7277302597508286,31,5,Paragraph
"how the ODL will be implemented, including the timeline",ArialMT,11.039999961853027,25.32574462890625,55,9,0,0,0,0,0,0.7597072100398516,32,5,Paragraph
the financial plan for the implementation,ArialMT,11.039999961853027,12.71807861328125,41,6,0,0,0,0,0,0.775765390107126,33,5,Paragraph
"the financial plan for the first 2 operating years, including capital and operating costs,",ArialMT,11.039999961853027,12.59661865234375,90,14,0,0,0,0,0,0.791670211637863,34,5,Paragraph
"revenues, etc.",ArialMT,11.039999961853027,12.59661865234375,14,2,0,1,0,0,0,0.8075750331686,35,5,Paragraph
a financial forecast for the succeeding 2 operating years,ArialMT,11.039999961853027,12.7181396484375,57,9,0,0,0,0,0,0.8236332903004656,36,5,Paragraph
the services and products to be delivered by the ODL,ArialMT,11.039999961853027,12.59661865234375,52,10,0,0,0,0,0,0.8395381118312026,37,5,Paragraph
how the ODL will operate and be managed following the implementation,ArialMT,11.039999961853027,12.71807861328125,68,11,0,0,0,0,0,0.855596291898477,38,5,Paragraph
"who will be involved, and what their role/responsibility will be, for both the",ArialMT,11.039999961853027,12.59661865234375,78,13,0,0,0,0,0,0.871501113429214,39,5,Paragraph
implementation and operational stages,ArialMT,11.039999961853027,12.59661865234375,37,4,0,0,0,0,0,0.8874059349599511,40,5,Paragraph
RFP: To Develop the Ontario Digital Library Business Plan,Arial-BoldItalicMT,7.559999942779541,29.942626953125,57,9,1,0,0,0,0,0.9252122821229876,41,5,Paragraph
March 2003,Arial-BoldItalicMT,7.559999942779541,0.0,10,2,1,0,0,1,0,0.9252122821229876,42,5,Paragraph
6,Arial-BlackItalic,9.0,-1.51824951171875,1,1,0,0,0,0,1,0.923295300416272,43,5,Paragraph
6,Arial-BlackItalic,9.0,0.2430419921875,1,1,0,0,0,0,1,0.9236021716185292,44,5,Paragraph
6,Arial-BlackItalic,9.0,0.0,1,1,0,0,0,0,1,0.9236021716185292,45,5,Paragraph
6,Arial-BlackItalic,9.0,-0.2430419921875,1,1,0,0,0,0,1,0.923295300416272,46,5,Paragraph
the marketing and communications plan for the ODL,ArialMT,11.039999961853027,0.0,49,8,0,0,0,0,0,0.0888030504939532,0,6,Paragraph
the commitment of all stakeholders to their responsibilities,ArialMT,11.039999961853027,12.59661865234375,60,8,0,0,0,0,0,0.1047078720246902,1,6,Paragraph
The process of developing this business plan must be extremely consultative to ensure that,ArialMT,11.039999961853027,25.32574462890625,90,14,0,0,0,0,0,0.1366848223137133,2,6,Paragraph
all stakeholders are engaged in creating a synergistic ODL organization. The proposal must,ArialMT,11.039999961853027,12.71807861328125,90,13,0,0,0,0,0,0.1527430023809876,3,6,Paragraph
indicate how this consultative process will be approached.,Arial-ItalicMT,11.039999961853027,12.651809692382812,58,8,0,1,0,0,0,0.1687175095683396,4,6,Paragraph
"The business plan for the ODL must address significant issues. There are, for example,",ArialMT,11.039999961853027,25.270553588867188,86,14,0,0,0,0,0,0.2006247742007477,5,6,Paragraph
enormous differences in the financial resources available to libraries mandated to provide,ArialMT,11.039999961853027,12.59661865234375,90,12,0,0,0,0,0,0.2165295957314847,6,6,Paragraph
"similar services. Some post-secondary and public libraries, particularly those in large urban",ArialMT,11.039999961853027,12.71807861328125,93,12,0,0,0,0,0,0.232587775798759,7,6,Paragraph
"areas, have the facilities, funding and technological infrastructure necessary to service their",ArialMT,11.039999961853027,12.59661865234375,95,12,0,0,0,0,0,0.2484925973294961,8,6,Paragraph
"patrons with electronic services and resources.  Many others, particularly in rural regions, do",ArialMT,11.039999961853027,12.59661865234375,95,13,0,0,0,0,0,0.2643974188602332,9,6,Paragraph
not. The proposal must indicate how these issues will be approached.,ArialMT,11.039999961853027,12.71807861328125,68,11,0,1,0,0,0,0.2804555989275075,10,6,Paragraph
Milestones,Arial-Black,12.0,48.29917907714844,10,1,0,0,0,1,0,0.341439410893604,11,6,Paragraph
1) A preliminary report will be issued during June 2003.,Arial-ItalicMT,11.039999961853027,30.7271728515625,56,10,0,1,0,0,1,0.3802363463122435,12,6,Paragraph
"2) It is expected that an Interim Report, suitable for distribution to the broader library",Arial-ItalicMT,11.039999961853027,24.59710693359375,90,15,0,0,0,0,1,0.4112932995112255,13,6,Paragraph
"community will be available by August 1, 2003 and that there will be an opportunity",Arial-ItalicMT,11.039999961853027,12.71807861328125,83,15,0,0,0,0,0,0.4273514795784998,14,6,Paragraph
for responses to be evaluated.,Arial-ItalicMT,11.039999961853027,12.596649169921877,30,5,0,1,0,0,0,0.4432563396415325,15,6,Paragraph
3) The business plan must be completed and approved by the ODL Steering Committee,Arial-ItalicMT,11.039999961853027,24.71856689453125,81,14,0,0,0,0,1,0.4744666513770517,16,6,Paragraph
"no later than September 30, 2003.",Arial-ItalicMT,11.039999961853027,12.596649169921877,33,6,0,1,0,0,0,0.4903715114400844,17,6,Paragraph
Approach and Specific Proposal Requirements,Arial-Black,12.0,35.5257568359375,43,5,0,0,0,0,0,0.5352272650208136,18,6,Paragraph
The firm/consultant (or proposed team of consultants) will be expected to work closely with,ArialMT,11.039999961853027,30.7919921875,91,14,0,0,0,0,0,0.5741060430353339,19,6,Paragraph
the ODL Steering Committee. Terms of reference for the Committee are in the appendix.,ArialMT,11.039999961853027,12.596649169921877,85,14,0,1,0,0,0,0.5900109030983665,20,6,Paragraph
"Given the consultative nature of this business planning process, the firm/consultant will also",ArialMT,11.039999961853027,12.71807861328125,94,13,0,0,0,0,0,0.6060690831656408,21,6,Paragraph
be expected to travel and communicate regularly with various stakeholders as well as with,ArialMT,11.039999961853027,12.596649169921877,89,14,0,0,0,0,0,0.6219739432286735,22,6,Paragraph
electronic resource publishers/vendors.,ArialMT,11.039999961853027,12.59661865234375,39,3,0,1,0,0,0,0.6378787647594105,23,6,Paragraph
The proposal should include the following information:,ArialMT,11.039999961853027,24.718658447265625,54,7,0,1,0,0,0,0.6690891920918166,24,6,Paragraph
a) name of the firm/consultant,ArialMT,11.039999961853027,24.59710693359375,30,5,0,0,0,0,0,0.7001461452907987,25,6,Paragraph
"b) names of those individuals who will be engaged in this project, their specific",ArialMT,11.039999961853027,12.71807861328125,81,14,0,0,0,0,0,0.7162043253580729,26,6,Paragraph
responsibilities on this project and relevant experience/qualifications,ArialMT,11.039999961853027,12.59661865234375,71,7,0,0,0,0,0,0.73210914688881,27,6,Paragraph
c) description of similar engagements that highlight the firm’s experience in business,ArialMT,11.039999961853027,12.59661865234375,86,12,0,0,0,0,0,0.748013968419547,28,6,Paragraph
planning and building stakeholder commitment,ArialMT,11.039999961853027,12.71807861328125,44,5,0,0,0,0,0,0.7640721484868214,29,6,Paragraph
d) references with details of work completed for these references,ArialMT,11.039999961853027,12.59661865234375,65,10,0,0,0,0,0,0.7799769700175584,30,6,Paragraph
"e) description of the approach that will be used for completing the business plan,",ArialMT,11.039999961853027,12.7181396484375,82,14,0,0,0,0,0,0.7960352271494239,31,6,Paragraph
including a timeline,ArialMT,11.039999961853027,12.59661865234375,20,3,0,0,0,0,0,0.811940048680161,32,6,Paragraph
"f) cost to complete the study including estimated expenses (i.e.: travel, etc.) and payment",ArialMT,11.039999961853027,12.59661865234375,91,14,0,0,0,0,0,0.827844870210898,33,6,Paragraph
structure,ArialMT,11.039999961853027,12.71807861328125,9,1,0,0,0,0,0,0.8439030502781724,34,6,Paragraph
RFP: To Develop the Ontario Digital Library Business Plan,Arial-BoldItalicMT,7.559999942779541,64.39691162109375,57,9,1,0,0,0,0,0.9252122821229876,35,6,Paragraph
March 2003,Arial-BoldItalicMT,7.559999942779541,0.0,10,2,1,0,0,1,0,0.9252122821229876,36,6,Paragraph
7,Arial-BlackItalic,9.0,-1.51824951171875,1,1,0,0,0,0,1,0.923295300416272,37,6,Paragraph
7,Arial-BlackItalic,9.0,0.2430419921875,1,1,0,0,0,0,1,0.9236021716185292,38,6,Paragraph
7,Arial-BlackItalic,9.0,0.0,1,1,0,0,0,0,1,0.9236021716185292,39,6,Paragraph
7,Arial-BlackItalic,9.0,-0.2430419921875,1,1,0,0,0,0,1,0.923295300416272,40,6,Paragraph
Evaluation and Awarding of Contract,Arial-Black,12.0,0.0,35,5,0,0,0,0,0,0.1026515286378186,0,7,Paragraph
The contract will be awarded to the bidder whose submission offers the best value; the contract will,ArialMT,11.039999961853027,39.672019958496094,100,17,0,0,0,0,0,0.152742462928849,1,7,Paragraph
not necessarily be awarded to the lowest bidder. We reserve the right not to award the contract to,ArialMT,11.039999961853027,12.71807861328125,98,18,0,0,0,0,0,0.1688006429961233,2,7,Paragraph
any of the bidders responding to this RFP and we may seek further response.,ArialMT,11.039999961853027,12.59661865234375,75,14,0,1,0,0,0,0.1847054645268604,3,7,Paragraph
"Specifically, proposals will be evaluated proposals according to the following criteria:",ArialMT,11.039999961853027,24.59710693359375,88,11,0,1,0,0,0,0.2157624177258424,4,7,Paragraph
Quality of the proposal /approach outlined for undertaking the business planning process,ArialMT,11.039999961853027,37.4366455078125,88,12,0,0,0,0,0,0.2630309095286359,5,7,Paragraph
Demonstrated experience,ArialMT,11.039999961853027,12.71807861328125,23,2,0,0,0,0,0,0.2790890895959103,6,7,Paragraph
"Cost, including expenses",ArialMT,11.039999961853027,12.59661865234375,24,3,0,0,0,0,0,0.2949939111266473,7,7,Paragraph
Timeline and projected completion date,ArialMT,11.039999961853027,12.59661865234375,38,5,0,0,0,0,0,0.3108987326573844,8,7,Paragraph
Other relevant factors as determined by the ODL Steering Committee,ArialMT,11.039999961853027,13.203842163085938,66,10,0,0,0,0,0,0.3275702505400686,9,7,Paragraph
Questions regarding this RFP should be directed by e-mail only to Michael Ridley,ArialMT,11.039999961853027,25.314727783203125,80,13,0,0,0,0,0,0.3595332906703756,10,7,Paragraph
(mridley@uoguelph.ca).,ArialMT,11.039999961853027,12.71807861328125,22,1,0,1,0,0,0,0.3755914707376499,11,7,Paragraph
Bidders are asked not to contact any other member of the ODL Catalyst T,ArialMT,11.039999961853027,25.314727783203125,71,14,0,0,0,0,0,0.4075545108679569,12,7,Paragraph
eam or the ODL Steering,ArialMT,11.039999961853027,0.0,23,5,0,0,0,0,0,0.4075545108679569,13,7,Paragraph
Committee.,ArialMT,11.039999961853027,12.596649169921877,10,1,0,1,0,1,0,0.4234593709309895,14,7,Paragraph
RFP: To Develop the Ontario Digital Library Business Plan,Arial-BoldItalicMT,7.559999942779541,397.3883056640625,57,9,1,0,0,0,0,0.9252122821229876,15,7,Paragraph
March 2003,Arial-BoldItalicMT,7.559999942779541,0.0,10,2,1,0,0,1,0,0.9252122821229876,16,7,Paragraph
8,Arial-BlackItalic,9.0,-1.51824951171875,1,1,0,0,0,0,1,0.923295300416272,17,7,Paragraph
8,Arial-BlackItalic,9.0,0.2430419921875,1,1,0,0,0,0,1,0.9236021716185292,18,7,Paragraph
8,Arial-BlackItalic,9.0,0.0,1,1,0,0,0,0,1,0.9236021716185292,19,7,Paragraph
8,Arial-BlackItalic,9.0,-0.2430419921875,1,1,0,0,0,0,1,0.923295300416272,20,7,Paragraph
Appendix A:  ODL Envisioned Phases & Funding,Arial-Black,12.0,0.0,44,7,0,0,0,0,0,0.136136324718745,0,8,Paragraph
Phase I:  Business Planning Timeline: March 2003 – September 2003,Arial-BoldMT,9.960000038146973,30.32251739501953,27,4,1,0,0,1,0,0.1744223315306384,1,8,Paragraph
"Funding Requested: ~$100,000 jointly funded by stakeholder groups and the provincial government.",Arial-BoldMT,9.960000038146973,11.52374267578125,96,12,1,1,0,0,0,0.2180602333762429,3,8,Paragraph
Result: The ODL business plan,Arial-BoldMT,9.960000038146973,22.91796875,29,5,1,0,0,0,0,0.2469970626060408,4,8,Paragraph
"The first phase will be to build the ODL business plan. This plan will clearly define the ODL’s services,",ArialMT,9.960000038146973,23.107177734375,105,19,0,0,0,0,0,0.2761727920686356,5,8,Paragraph
"funding and governance structures, as well as implementation plans for 2003-2005. It will also secure",ArialMT,9.960000038146973,11.52374267578125,101,15,0,0,0,0,0,0.290722972214824,6,8,Paragraph
the full commitment of all stakeholders and scope the operational plan for ODL for 2006 and beyond.,ArialMT,9.960000038146973,11.52374267578125,99,17,0,1,0,0,0,0.3052731523610125,7,8,Paragraph
"Given the number and diversity of stakeholders involved, the business planning process must be a fully",ArialMT,9.960000038146973,22.91796875,102,16,0,0,0,0,0,0.3342099815908104,8,8,Paragraph
consultative approach. To ensure that the planning results in a workable plan with the full commitment,ArialMT,9.960000038146973,11.523712158203123,102,16,0,0,0,0,0,0.3487601232047033,9,8,Paragraph
"of all stakeholders it must have competent, dedicated staffing and monies for the travel and",ArialMT,9.960000038146973,11.523712158203123,92,15,0,0,0,0,0,0.3633102648185961,10,8,Paragraph
communication components so critical in a consultative process.,ArialMT,9.960000038146973,11.523712158203123,63,8,0,1,0,0,0,0.3778604064324889,11,8,Paragraph
Phase II: Implementing and Transitioning,Arial-BoldMT,9.960000038146973,34.371978759765625,40,5,1,0,0,0,0,0.4212593695130011,12,8,Paragraph
Timeline: April 2004 – December 2006,Arial-BoldMT,9.960000038146973,23.0374755859375,36,6,1,0,0,1,0,0.4503470912124171,13,8,Paragraph
Funding Requested: Funding from other states and provinces suggest that the ODL could receive,Arial-BoldMT,9.960000038146973,11.523681640625,93,14,1,0,0,0,0,0.4648971942940144,14,8,Paragraph
"funding of up to $50 Million (over 3 years). Funding to be provided partnership of government, library",Arial-ItalicMT,9.960000038146973,11.523712158203123,102,17,0,0,0,0,0,0.4794473359079072,15,8,Paragraph
stakeholders and other interested parties.,Arial-ItalicMT,9.960000038146973,11.404205322265623,42,5,0,1,0,0,0,0.493846585052182,16,8,Paragraph
Result: The ODL is implemented and validated,Arial-BoldMT,9.960000038146973,23.0374755859375,44,7,1,0,0,0,0,0.522934306751598,17,8,Paragraph
The second phase will be to implement the ODL based on the business plan. This phase recognizes,ArialMT,9.960000038146973,23.107208251953125,95,17,0,0,0,0,0,0.5521100747464883,18,8,Paragraph
that for ODL to be optimally successful libraries must transition to a new way of doing business and,ArialMT,9.960000038146973,11.523712158203123,100,18,0,0,0,0,0,0.5666602163603811,19,8,Paragraph
providing services. The transition must occur while libraries continue to provide existing services and,ArialMT,9.960000038146973,11.404205322265623,103,14,0,0,0,0,0,0.5810594655046559,20,8,Paragraph
"respond to current challenges. This implementation phase will funded by a partnership of government,",ArialMT,9.960000038146973,11.523712158203123,100,14,0,0,0,0,0,0.5956096071185488,21,8,Paragraph
library stakeholders and other interested parties as a means to quickly jumpstart the ODL.,ArialMT,9.960000038146973,11.523712158203123,90,14,0,1,0,0,0,0.6101597487324416,22,8,Paragraph
The seed money requested will allow libraries to realign their budgets and services as the infrastructure,ArialMT,9.960000038146973,23.03744506835937,105,16,0,0,0,0,0,0.639247431899562,23,8,Paragraph
"and content of the ODL is created and secured. Some of the funding will be new money, although there",ArialMT,9.960000038146973,11.404266357421877,100,19,0,0,0,0,0,0.653646758108428,24,8,Paragraph
is every indication that existing budgets and methods of operating may be modified as a result of,Arial-ItalicMT,9.960000038146973,11.4539794921875,97,17,0,0,0,0,0,0.6681088534268466,25,8,Paragraph
"recommendations . During this phase the polices, procedures, governance structures and accountability",Arial-ItalicMT,9.960000038146973,11.473876953125,101,12,0,0,0,0,0,0.6825960718020044,26,8,Paragraph
"mechanisms of the ODL will be put in place. Pilot projects will be initiated, evaluated and expanded.",ArialMT,9.960000038146973,11.643310546875,101,17,0,1,0,0,0,0.6972972214824021,27,8,Paragraph
"Information resources will be identified, contracts for these resources will be negotiated and resources",ArialMT,9.960000038146973,11.523681640625,104,14,0,0,0,0,0,0.7118473245639994,28,8,Paragraph
will be made deployed through the ODL. Regular evaluation during this phase will ensure the ODL is,ArialMT,9.960000038146973,11.523681640625,98,17,0,0,0,0,0,0.7263974276455966,29,8,Paragraph
achieving its objectives and is accountable to its key communities.,ArialMT,9.960000038146973,11.523681640625,67,10,0,1,0,0,0,0.7409475307271938,30,8,Paragraph
Phase III: Operating and Growing the ODL,Arial-BoldMT,9.960000038146973,22.8482666015625,40,7,1,0,0,0,0,0.7697963521938131,31,8,Paragraph
Timeline: January 2007 -,Arial-BoldMT,9.960000038146973,23.0374755859375,24,4,1,0,0,1,0,0.7988840738932291,32,8,Paragraph
Funding: $50 Million annually ($35 Million requested from government),Arial-BoldMT,9.960000038146973,11.52374267578125,69,9,1,0,0,0,0,0.8134342540394176,33,8,Paragraph
Result: The ODL is fully operational and sustainable,Arial-BoldMT,9.960000038146973,22.91796875,52,8,1,0,0,0,0,0.8423710832692156,34,8,Paragraph
In the third phase the ODL moves into the operational stage. Ontarians will experience the full benefits,ArialMT,9.960000038146973,23.10723876953125,104,17,0,0,0,0,0,0.8715468897964015,35,8,Paragraph
of the initiative and libraries will consolidate support around the ODL to grow resources and extend,ArialMT,9.960000038146973,11.523681640625,100,16,0,0,0,0,0,0.8860969928779987,36,8,Paragraph
RFP: To Develop the Ontario Digital Library Business Plan,Arial-BoldItalicMT,7.559999942779541,30.97930908203125,57,9,1,0,0,0,0,0.9252122821229876,37,8,Paragraph
March 2003,Arial-BoldItalicMT,7.559999942779541,0.0,10,2,1,0,0,1,0,0.9252122821229876,38,8,Paragraph
9,Arial-BlackItalic,9.0,-1.51824951171875,1,1,0,0,0,0,1,0.923295300416272,39,8,Paragraph
9,Arial-BlackItalic,9.0,0.2430419921875,1,1,0,0,0,0,1,0.9236021716185292,40,8,Paragraph
9,Arial-BlackItalic,9.0,0.0,1,1,0,0,0,0,1,0.9236021716185292,41,8,Paragraph
9,Arial-BlackItalic,9.0,-0.2430419921875,1,1,0,0,0,0,1,0.923295300416272,42,8,Paragraph
capabilities. The challenge is to secure resources sufficient to both sustain the original investments and,ArialMT,9.960000038146973,0.0,106,15,0,0,0,0,0,0.0890568049267084,0,9,Paragraph
to enhance the ODL.,ArialMT,9.960000038146973,11.52374267578125,19,4,0,1,0,0,0,0.1036069850728969,1,9,Paragraph
The ongoing funding of the ODL will be based on a partnership model involving all the key participants,ArialMT,9.960000038146973,22.91796875,102,18,0,0,0,0,0,0.1325438143026949,2,9,Paragraph
"(i.e. government, libraries, donors, public and private sectors). All participants (i.e. beneficiaries) are",ArialMT,9.960000038146973,11.52374267578125,107,13,0,0,0,0,0,0.1470939944488833,3,9,Paragraph
expected to make financial contributions to the ODL. It is important in achieving the full impact of the,ArialMT,9.960000038146973,11.52374267578125,104,18,0,0,0,0,0,0.1616441745950718,4,9,Paragraph
"ODL on Ontario’s economy, society and learning support that all library sectors are participants",ArialMT,9.960000038146973,11.52374267578125,96,14,0,0,0,0,0,0.1761943547412602,5,9,Paragraph
"(university, colleges, public libraries and schools).",ArialMT,9.960000038146973,11.52374267578125,53,6,0,1,0,0,0,0.1907445348874487,6,9,Paragraph
"The proposed funding model requires a continuing government investment, but also recognizes that as",ArialMT,9.960000038146973,17.51953125,99,14,0,0,0,0,0,0.2128651551526002,7,9,Paragraph
the ODL matures a growing share of ODL funding will come from libraries and non-governmental,ArialMT,9.960000038146973,11.4041748046875,92,15,0,0,0,0,0,0.2272643657645794,8,9,Paragraph
sources. During the 3-year implementation phase (2004 – 2006) libraries will realign their budgets to,ArialMT,9.960000038146973,11.52374267578125,101,15,0,0,0,0,0,0.2418145459107678,9,9,Paragraph
enable ongoing funding contributions to ODL. During the same period ODL must build the proposed,ArialMT,9.960000038146973,11.52374267578125,95,15,0,0,0,0,0,0.2563647260569562,10,9,Paragraph
endowment and secure public and private sector gifts and/or in-kind contributions. The following chart,ArialMT,9.960000038146973,11.52374267578125,102,14,0,0,0,0,0,0.2709149062031447,11,9,Paragraph
outlines the model. This model is based on these assumptions:,ArialMT,9.960000038146973,11.52374267578125,61,10,0,1,0,0,0,0.2854650863493331,12,9,Paragraph
1. that ODL expenditures will increase by 50% over a 10 year period,ArialMT,9.960000038146973,17.5196533203125,67,13,0,0,0,0,1,0.3075858607436671,13,9,Paragraph
2. that government funding will decrease from 70% to 45% during that 10 year period,ArialMT,9.960000038146973,17.400146484375,83,15,0,0,0,0,1,0.329555742668383,14,9,Paragraph
"3. that library contributions, endowment and gifts/in-kind funding will increase from 30% to 55%",ArialMT,9.960000038146973,17.5196533203125,96,14,0,0,0,0,1,0.351676517062717,15,9,Paragraph
during the same period,ArialMT,9.960000038146973,11.523712158203123,22,4,0,0,0,0,0,0.3662266586766098,16,9,Paragraph
OVERVIEW OF ODL FUNDING MODEL,Arial-BoldMT,9.960000038146973,28.9736328125,29,5,1,0,1,0,0,0.4028095283893623,17,9,Paragraph
Funding Source 2007,Arial-BoldMT,12.0,23.0948486328125,14,2,1,0,0,1,0,0.4319696908045297,18,9,Paragraph
2017,Arial-BoldMT,12.0,0.0,4,1,1,0,0,0,1,0.4319696908045297,20,9,Paragraph
Government,ArialMT,9.960000038146973,14.613006591796877,10,1,0,0,0,1,0,0.4504204567032631,21,9,Paragraph
$35M (70%),ArialMT,9.960000038146973,0.0,10,2,0,0,1,1,0,0.4504204567032631,22,9,Paragraph
$33.75M (45%),ArialMT,9.960000038146973,0.0,13,2,0,0,1,1,0,0.4504204567032631,23,9,Paragraph
Libraries,ArialMT,9.960000038146973,12.001800537109377,9,1,0,0,0,1,0,0.4655742452602194,24,9,Paragraph
$10M (20%),ArialMT,9.960000038146973,0.0,10,2,0,0,1,1,0,0.4655742452602194,25,9,Paragraph
$22.5M (30%),ArialMT,9.960000038146973,0.0,12,2,0,0,1,1,0,0.4655742452602194,26,9,Paragraph
Endowment,ArialMT,9.960000038146973,12.001800537109377,9,1,0,0,0,1,0,0.4807280338171756,27,9,Paragraph
$4.5M (9%),ArialMT,9.960000038146973,0.0,10,2,0,0,1,1,0,0.4807280338171756,28,9,Paragraph
$15M (20%),ArialMT,9.960000038146973,0.0,10,2,0,0,1,1,0,0.4807280338171756,29,9,Paragraph
Gifts/In-Kind,ArialMT,9.960000038146973,12.001800537109377,13,1,0,0,0,1,0,0.4958818223741319,30,9,Paragraph
$0.5M (1%),ArialMT,9.960000038146973,0.0,10,2,0,0,1,1,0,0.4958818223741319,31,9,Paragraph
$3.75M (5%),ArialMT,9.960000038146973,0.0,11,2,0,0,1,1,0,0.4958818223741319,32,9,Paragraph
TOTAL ANNUAL,Arial-BoldMT,9.960000038146973,11.932098388671877,12,2,1,0,1,0,0,0.5109476031679095,33,9,Paragraph
$50M,ArialMT,9.960000038146973,0.0697021484375,4,1,0,0,1,1,0,0.5110356109310882,34,9,Paragraph
$75M,ArialMT,9.960000038146973,0.0,4,1,0,0,1,1,0,0.5110356109310882,35,9,Paragraph
"While the private sector will be invited to participate in the ODL through the endowment, gifts and in-",ArialMT,9.960000038146973,35.039276123046875,103,18,0,0,0,0,0,0.5552771211874605,36,9,Paragraph
"kind contributions, the ODL will also explore compatible commercial services which leverage the reach",ArialMT,9.960000038146973,11.523712158203123,101,14,0,0,0,0,0,0.5698272628013534,37,9,Paragraph
of the ODL and help to offset operating costs.,ArialMT,9.960000038146973,11.523712158203123,46,9,0,1,0,0,0,0.5843774044152462,38,9,Paragraph
A $50M budget leverages the consortium buying power of the province’s libraries to secure the best,ArialMT,9.960000038146973,23.0374755859375,98,16,0,0,0,0,0,0.6134651261146622,39,9,Paragraph
"prices for information resources, the widest accessibility and the most favourable contracts. A budget of",ArialMT,9.960000038146973,11.404205322265623,105,15,0,0,0,0,0,0.627864375258937,40,9,Paragraph
this nature will ensure a core digital collection of sufficient scope and coverage to address a substantial,ArialMT,9.960000038146973,11.523681640625,107,17,0,0,0,0,0,0.6424144783405342,41,9,Paragraph
amount of the wide and diverse information and learning needs of the citizens of Ontario (an overview,ArialMT,9.960000038146973,11.523773193359377,101,17,0,0,0,0,0,0.6569646970190183,42,9,Paragraph
of the nature of the ODL digital collection is appended). The proposed ODL expenditures in 2006,ArialMT,9.960000038146973,11.523681640625,95,16,0,0,0,0,0,0.6715148001006155,43,9,Paragraph
represent an investment of $5.00 per citizen.,Arial-BoldItalicMT,9.960000038146973,11.54364013671875,45,7,1,1,0,0,0,0.6860901033035433,44,9,Paragraph
It is important to recognize that every new dollar per citizen invested in the Ontario Digital Library has a,ArialMT,9.960000038146973,22.89801025390625,108,19,0,0,0,0,0,0.7150017324120107,45,9,Paragraph
double benefit: it supports a province-wide library of high quality information resources and it,ArialMT,9.960000038146973,11.523681640625,96,14,0,0,0,0,0,0.7295518354936079,46,9,Paragraph
strengthens every local library in Ontario by allowing them to reinvest existing dollars in new resources,ArialMT,9.960000038146973,11.5238037109375,105,16,0,0,0,0,0,0.7441020927043877,47,9,Paragraph
that enhance local services. This multiplier means that for every dollar invested in ODL the return,ArialMT,9.960000038146973,11.523681640625,99,16,0,0,0,0,0,0.7586521957859849,48,9,Paragraph
on investment is worth $2 of value for Ontario.,Arial-BoldItalicMT,9.960000038146973,11.54364013671875,47,9,1,1,0,0,0,0.7732274989889125,49,9,Paragraph
RFP: To Develop the Ontario Digital Library Business Plan,Arial-BoldItalicMT,7.559999942779541,120.3719482421875,57,9,1,0,0,0,0,0.9252122821229876,50,9,Paragraph
March 2003,Arial-BoldItalicMT,7.559999942779541,0.0,10,2,1,0,0,1,0,0.9252122821229876,51,9,Paragraph
10,Arial-BlackItalic,9.0,-1.51824951171875,2,1,0,0,0,0,1,0.923295300416272,52,9,Paragraph
10,Arial-BlackItalic,9.0,0.2430419921875,2,1,0,0,0,0,1,0.9236021716185292,53,9,Paragraph
10,Arial-BlackItalic,9.0,0.0,2,1,0,0,0,0,1,0.9236021716185292,54,9,Paragraph
10,Arial-BlackItalic,9.0,-0.2430419921875,2,1,0,0,0,0,1,0.923295300416272,55,9,Paragraph
Appendix B:,Arial-Black,12.0,0.0,11,2,0,1,0,1,0,0.1171969307793511,0,10,Paragraph
ODL Steering Committee Terms of Reference,Arial-Black,12.0,0.0,41,6,0,0,0,0,0,0.1171969307793511,1,10,Paragraph
1. Preamble,Arial-BoldMT,9.960000038146973,42.32251739501953,11,2,1,0,0,1,1,0.1706344527427596,2,10,Paragraph
Implementation of the Ontario Digital Library (ODL) requires a detailed business plan to be developed,ArialMT,9.960000038146973,23.107177734375,101,15,0,0,0,0,0,0.1998101822053543,3,10,Paragraph
and supported by its diverse stakeholder communities (see: www.odl.on.ca ).  The business,ArialMT,9.960000038146973,11.4041748046875,89,12,0,0,0,0,0,0.2142093928173335,4,10,Paragraph
"development planning and commitment process will be overseen by a Steering Committee, who are",ArialMT,9.960000038146973,11.52374267578125,93,14,0,0,0,0,0,0.2287595729635219,5,10,Paragraph
accountable to potential ODL funders including  the Province of Ontario.,ArialMT,9.960000038146973,11.52374267578125,72,10,0,1,0,0,0,0.2433097531097104,6,10,Paragraph
2. Terms of Reference,Arial-BoldMT,9.960000038146973,22.9677734375,21,4,1,0,0,0,1,0.2723094670459478,7,10,Paragraph
"In broad terms, the ODL Business Plan Steering Committee is responsible for development of the",ArialMT,9.960000038146973,22.9876708984375,94,15,0,0,0,0,0,0.3013343040389244,8,10,Paragraph
"business plan, securing sector support, and management of the planners and process.  Specific",ArialMT,9.960000038146973,11.52374267578125,93,13,0,0,0,0,0,0.3158844841851128,9,10,Paragraph
responsibilities include:,ArialMT,9.960000038146973,11.52374267578125,25,2,0,1,0,0,0,0.3304346643313013,10,10,Paragraph
"2.1 developing a detailed business plan for the three-year implementation phase of the ODL, including",ArialMT,9.960000038146973,23.0374755859375,101,15,0,0,0,0,1,0.3595223860307173,11,10,Paragraph
"governance, management, funding model and structure, organizational structure, marketing,",ArialMT,9.960000038146973,11.404205322265623,89,9,0,0,0,0,0,0.3739216351749921,12,10,Paragraph
"staffing, and evaluation;",ArialMT,9.960000038146973,11.523712158203123,25,3,0,1,0,0,0,0.3884717767888849,13,10,Paragraph
"2.2 consulting with and reporting to stakeholder communities, to ensure open, consistent and two-way",ArialMT,9.960000038146973,11.523712158203123,100,14,0,0,0,0,1,0.4030219184027778,14,10,Paragraph
"communication, and to ensure meaningful opportunities for stakeholder input into decision-",ArialMT,9.960000038146973,11.523712158203123,90,11,0,0,0,0,0,0.4175720600166706,15,10,Paragraph
making;,ArialMT,9.960000038146973,11.523712158203123,7,1,0,1,0,0,0,0.4321222016305635,16,10,Paragraph
2.3 recruiting and managing the business planner(s);,ArialMT,9.960000038146973,11.523712158203123,52,7,0,1,0,0,1,0.4466723432444562,17,10,Paragraph
"2.4 defining terms of reference and resource parameters for business planner(s), and authorizing",ArialMT,9.960000038146973,11.404205322265623,96,13,0,0,0,0,1,0.4610715923887311,18,10,Paragraph
expenditures;,ArialMT,9.960000038146973,11.523712158203123,13,1,0,1,0,0,0,0.4756217340026239,19,10,Paragraph
2.5 serving as a focus group for business planner(s) to test ideas;,ArialMT,9.960000038146973,11.523712158203123,67,12,0,1,0,0,1,0.4901718756165167,20,10,Paragraph
2.6 providing signoff for business planner(s) at key decision points of business plan development;,ArialMT,9.960000038146973,11.523712158203123,98,14,0,1,0,0,1,0.5047220172304095,21,10,Paragraph
"2.7 securing commitment from library, government, and institutional stakeholders for implementation",ArialMT,9.960000038146973,11.523712158203123,99,11,0,0,0,0,1,0.5192721588443024,22,10,Paragraph
of the business plan;,ArialMT,9.960000038146973,11.523712158203123,21,4,0,1,0,0,0,0.5338223004581952,23,10,Paragraph
2.8 presenting the business plan to funders,ArialMT,9.960000038146973,11.404205322265623,43,7,0,0,0,0,1,0.54822154960247,24,10,Paragraph
2.9 undertaking advocacy efforts to promote the ODL to the broader communities including library,ArialMT,9.960000038146973,11.523712158203123,96,14,0,0,0,0,1,0.5627716912163628,25,10,Paragraph
and education communities.,ArialMT,9.960000038146973,11.523712158203123,26,3,0,1,0,0,0,0.5773218328302557,26,10,Paragraph
3. Membership,Arial-BoldMT,9.960000038146973,22.9677734375,13,2,1,0,0,1,1,0.6063215467664931,27,10,Paragraph
"Each of the four sectors, Schools, Colleges, Universities, and Public Libraries can appoint up to two",ArialMT,9.960000038146973,22.987701416015625,101,16,0,0,0,0,0,0.6353464222917653,28,10,Paragraph
representatives to the steering committee,ArialMT,9.960000038146973,11.523651123046877,41,5,0,0,0,0,0,0.6498964868410669,29,10,Paragraph
3.1 Schools:,ArialMT,9.960000038146973,23.0374755859375,12,2,0,1,0,1,1,0.6789842085404829,30,10,Paragraph
- Ontario School Library Association (OSLA) and The Association of Library Consultants and,ArialMT,9.960000038146973,11.523681640625,90,13,0,0,0,0,0,0.6935343116220801,31,10,Paragraph
Coordinators of Ontario (TALCO)  ( Executive Council of OSLA to name representative in,ArialMT,9.960000038146973,11.2847900390625,86,13,0,0,0,0,0,0.7077827838936237,32,10,Paragraph
consultation with TALCO ),Arial-ItalicMT,9.960000038146973,11.523681640625,25,4,0,0,0,0,0,0.7223328869752209,33,10,Paragraph
3.2 Universities:,ArialMT,9.960000038146973,11.6431884765625,17,2,0,1,0,1,1,0.7370338825264362,34,10,Paragraph
- Ontario Council of University Libraries (OCUL) ( OCUL to name ),ArialMT,9.960000038146973,11.404296875,65,12,0,0,0,0,0,0.7514332472675979,35,10,Paragraph
3.3 Colleges:,ArialMT,9.960000038146973,11.6431884765625,13,2,0,1,0,1,1,0.7661342428188131,36,10,Paragraph
"- Bibliocentre, and Heads of Libraries and Learning Resources (UAG and HLLR to name )",ArialMT,9.960000038146973,11.4041748046875,85,15,0,0,0,0,0,0.7805334534307923,37,10,Paragraph
3.4 Public libraries:,ArialMT,9.960000038146973,11.523681640625,21,3,0,1,0,0,1,0.7950835565123895,38,10,Paragraph
"- Administrators of Medium-sized Public Libraries of Ontario (AMPLO), Administrators of Rural",ArialMT,9.960000038146973,11.5238037109375,93,12,0,0,0,0,0,0.8096338137231692,39,10,Paragraph
"Urban Public Libraries of Ontario (ARUPLO), Administrators of Small Public Libraries of",ArialMT,9.960000038146973,11.523681640625,87,12,0,0,0,0,0,0.8241839168047664,40,10,Paragraph
Ontario (ASPLO) and Chief Executives of Large-sized Public Libraries of Ontario (CELPLO),ArialMT,9.960000038146973,11.523681640625,88,12,0,0,0,0,0,0.8387340198863636,41,10,Paragraph
"( Executives of AMPLO, ARUPLO, ASPLO and CELPLO to name )",ArialMT,9.960000038146973,11.4041748046875,57,11,0,0,0,0,0,0.8531332304983428,42,10,Paragraph
RFP: To Develop the Ontario Digital Library Business Plan,Arial-BoldItalicMT,7.559999942779541,57.08660888671875,57,9,1,0,0,0,0,0.9252122821229876,43,10,Paragraph
March 2003,Arial-BoldItalicMT,7.559999942779541,0.0,10,2,1,0,0,1,0,0.9252122821229876,44,10,Paragraph
11,Arial-BlackItalic,9.0,-1.51824951171875,2,1,0,0,0,0,1,0.923295300416272,45,10,Paragraph
11,Arial-BlackItalic,9.0,0.2430419921875,2,1,0,0,0,0,1,0.9236021716185292,46,10,Paragraph
11,Arial-BlackItalic,9.0,0.0,2,1,0,0,0,0,1,0.9236021716185292,47,10,Paragraph
11,Arial-BlackItalic,9.0,-0.2430419921875,2,1,0,0,0,0,1,0.923295300416272,48,10,Paragraph
3.5 Ontario Library Association representative (ex-officio)  ( OLA to appoint one representative ),ArialMT,9.960000038146973,0.0,98,13,0,0,0,0,1,0.0889426722671046,0,11,Paragraph
- Role of the OLA ex-officio member: To act as a liaison between the steering committee and,ArialMT,9.960000038146973,11.643310546875,91,17,0,0,0,0,0,0.1036438219475023,1,11,Paragraph
"the OLA Board, and to assist the chair with the administrative responsibilities connected with",ArialMT,9.960000038146973,11.52374267578125,94,14,0,0,0,0,0,0.1181940020936908,2,11,Paragraph
"the preparation of the business plan, finance, and communications.",ArialMT,9.960000038146973,11.4041748046875,66,9,0,1,0,0,0,0.1325932127056699,3,11,Paragraph
"3.6 It is anticipated that as planning for the ODL evolves, the Steering Committee may, at its",ArialMT,9.960000038146973,23.0374755859375,94,17,0,0,0,0,1,0.161680934405086,4,11,Paragraph
"discretion, call on invited experts to advise on issues as required.",ArialMT,9.960000038146973,11.52374267578125,68,11,0,1,0,0,0,0.1762311145512744,5,11,Paragraph
4. Appointment Criteria and Process,Arial-BoldMT,9.960000038146973,22.9677734375,35,5,1,0,0,0,1,0.2052308284875118,6,11,Paragraph
4.1,ArialMT,9.960000038146973,23.59521484375,3,1,0,0,0,0,1,0.2350227664215396,7,11,Paragraph
Groups and organizations named in Section 3 above are responsible for appointing up to two,ArialMT,9.960000038146973,0.0,90,15,0,0,0,0,0,0.2350227664215396,8,11,Paragraph
representatives to the Steering Committee.,ArialMT,9.960000038146973,12.00177001953125,42,5,0,1,0,0,0,0.2501765164462002,9,11,Paragraph
4.2,ArialMT,9.960000038146973,24.00360107421875,3,1,0,0,0,0,1,0.2804840935601128,10,11,Paragraph
Desired characteristics for steering committee appointees include:,ArialMT,9.960000038146973,0.0,66,7,0,1,0,0,0,0.2804840935601128,11,11,Paragraph
•,Symbol,9.960000038146973,24.7705078125,1,1,0,0,0,0,0,0.3117599872627644,12,11,Paragraph
Strategic thinkers;,ArialMT,9.960000038146973,-0.64739990234375,19,2,0,1,0,0,0,0.3109425631436435,13,11,Paragraph
•,Symbol,9.960000038146973,12.88824462890625,1,1,0,0,0,0,0,0.3272155992912524,14,11,Paragraph
Committed to the concept of multi-sector partnerships;,ArialMT,9.960000038146973,-0.64739990234375,54,7,0,1,0,0,0,0.3263981751721315,15,11,Paragraph
•,Symbol,9.960000038146973,12.768707275390623,1,1,0,0,0,0,0,0.3425202803178267,16,11,Paragraph
Knowledgeable about digital libraries and resources;,ArialMT,9.960000038146973,-0.64739990234375,52,6,0,1,0,0,0,0.3417028561987058,17,11,Paragraph
•,Symbol,9.960000038146973,12.88824462890625,1,1,0,0,0,0,0,0.3579758923463147,18,11,Paragraph
Knowledgeable about government structures;,ArialMT,9.960000038146973,-0.64739990234375,42,4,0,1,0,0,0,0.3571584682271938,19,11,Paragraph
•,Symbol,9.960000038146973,12.768707275390623,1,1,0,0,0,0,0,0.373280573372889,20,11,Paragraph
Respected by their communities; influential;,ArialMT,9.960000038146973,-0.64739990234375,44,5,0,1,0,0,0,0.3724631492537681,21,11,Paragraph
•,Symbol,9.960000038146973,12.768707275390623,1,1,0,0,0,0,0,0.3885852543994634,22,11,Paragraph
Able to take a consultative approach;,ArialMT,9.960000038146973,-0.64739990234375,37,6,0,1,0,0,0,0.3877678302803425,23,11,Paragraph
•,Symbol,12.0,12.807891845703123,1,1,0,0,0,0,0,0.403939410893604,24,11,Paragraph
Able to devote time to Steering Committee business: approximately one day per month for,ArialMT,9.960000038146973,1.412994384765625,87,14,0,0,0,0,0,0.4057234947127525,25,11,Paragraph
meetings plus 2-3 working days per month on related activities .,ArialMT,9.960000038146973,11.006988525390623,64,11,0,1,0,0,0,0.4196212074973366,26,11,Paragraph
5. Term,Arial-BoldMT,9.960000038146973,25.64251708984375,7,2,1,0,0,1,1,0.4519981230148161,27,11,Paragraph
Expected term on the Steering Committee is the time required to complete development of the,ArialMT,9.960000038146973,23.107208251953125,91,15,0,0,0,0,0,0.4811738910097064,28,11,Paragraph
business plan plus two months. This process is expected to take approximately 6 months.,ArialMT,9.960000038146973,11.404205322265623,87,14,0,1,0,0,0,0.4955731401539812,29,11,Paragraph
6. Chair,Arial-BoldMT,9.960000038146973,22.9677734375,8,2,1,0,0,1,1,0.5245728540902186,30,11,Paragraph
Chair will be appointed by the Board of the Ontario Library Association.,ArialMT,9.960000038146973,23.107208251953125,72,12,0,1,0,0,0,0.5537486220851089,31,11,Paragraph
Role of the Chair:,ArialMT,9.960000038146973,25.19879150390625,18,4,0,1,0,0,0,0.5855652780243845,32,11,Paragraph
In addition to the characteristics for appointees (4.2) the role of the chair will be as a process agent,ArialMT,9.960000038146973,23.0374755859375,104,19,0,0,0,0,0,0.6146529997238005,33,11,Paragraph
"working with the selected consultant(s), OLA, and the Steering Committee to prepare the business",ArialMT,9.960000038146973,11.523712158203123,96,14,0,0,0,0,0,0.6292031413376934,34,11,Paragraph
plan. The chair must be able to devote 5-8 days per month on activities related to the preparation of,ArialMT,9.960000038146973,11.523681640625,101,19,0,0,0,0,0,0.6437532444192906,35,11,Paragraph
"the business plan, and communications to stakeholders, funders, and government.",ArialMT,9.960000038146973,11.523773193359377,79,10,0,1,0,0,0,0.6583034630977747,36,11,Paragraph
7. Meetings,Arial-BoldMT,9.960000038146973,22.84820556640625,11,2,1,0,0,1,1,0.6871522074998028,37,11,Paragraph
It is expected that in person meetings are held once per month and the majority of business will be,ArialMT,9.960000038146973,23.10723876953125,99,19,0,0,0,0,0,0.7163280140269886,38,11,Paragraph
"conducted by e-mail, and teleconference.",ArialMT,9.960000038146973,11.523681640625,40,5,0,1,0,0,0,0.7308781171085859,39,11,Paragraph
8. Lines of Accountability and Communication,Arial-BoldMT,9.960000038146973,22.84820556640625,44,6,1,0,0,0,1,0.759726861510614,40,11,Paragraph
"8.1 The Steering Committee is accountable to the Province of Ontario, and to its business plan",ArialMT,9.960000038146973,23.10723876953125,94,16,0,0,0,0,1,0.7889026680377998,41,11,Paragraph
funders.,ArialMT,9.960000038146973,11.523681640625,8,1,0,1,0,0,0,0.8034527711193971,42,11,Paragraph
8.2 The role of the Ontario Library Association is to assume responsibility for  funds contributed by the,ArialMT,9.960000038146973,23.0374755859375,105,17,0,0,0,0,1,0.8325404928188131,43,11,Paragraph
"ODL funders to finance the business plan, to hold the funds in a separate account, and",ArialMT,9.960000038146973,11.4041748046875,86,16,0,0,0,0,0,0.8469397034307923,44,11,Paragraph
disperse them for purposes as  directed by the Steering Committee. OLA will provide,ArialMT,9.960000038146973,11.5238037109375,83,13,0,0,0,0,0,0.861489960641572,45,11,Paragraph
financial reports to the Steering Committee as requested and shall comply with all,ArialMT,9.960000038146973,11.523681640625,82,13,0,0,0,0,0,0.8760400637231692,46,11,Paragraph
government reporting regulations for funds received.,ArialMT,9.960000038146973,11.523681640625,52,6,0,1,0,0,0,0.8905901668047664,47,11,Paragraph
RFP: To Develop the Ontario Digital Library Business Plan,Arial-BoldItalicMT,7.559999942779541,27.42071533203125,57,9,1,0,0,0,0,0.9252122821229876,48,11,Paragraph
March 2003,Arial-BoldItalicMT,7.559999942779541,0.0,10,2,1,0,0,1,0,0.9252122821229876,49,11,Paragraph
12,Arial-BlackItalic,9.0,-1.51824951171875,2,1,0,0,0,0,1,0.923295300416272,50,11,Paragraph
12,Arial-BlackItalic,9.0,0.2430419921875,2,1,0,0,0,0,1,0.9236021716185292,51,11,Paragraph
12,Arial-BlackItalic,9.0,0.0,2,1,0,0,0,0,1,0.9236021716185292,52,11,Paragraph
12,Arial-BlackItalic,9.0,-0.2430419921875,2,1,0,0,0,0,1,0.923295300416272,53,11,Paragraph
8.3 The Steering Committee is accountable to its constituent groups and other stakeholders for,ArialMT,9.960000038146973,0.0,94,14,0,0,0,0,1,0.1036321081296362,0,12,Paragraph
ongoing communications and consultation on issues and progress.  The Steering committee,ArialMT,9.960000038146973,11.52374267578125,87,11,0,0,0,0,0,0.1181822882758246,1,12,Paragraph
is responsible for strong liaison with government particularly the Chief Information Officer,ArialMT,9.960000038146973,11.4041748046875,92,12,0,0,0,0,0,0.1325814988878038,2,12,Paragraph
"Community Services Cluster, ADM’s and Deputy Ministers.",ArialMT,9.960000038146973,11.52374267578125,55,7,0,1,0,0,0,0.1471316790339922,3,12,Paragraph
9. Financial and Administrative Policies,Arial-BoldMT,9.960000038146973,22.9677734375,40,5,1,0,0,0,1,0.1761313929702296,4,12,Paragraph
9.1 Service on the Steering Committee is non-remunerative,ArialMT,9.960000038146973,23.107177734375,57,8,0,0,0,0,1,0.2053071224328243,5,12,Paragraph
9.2 Travel and meeting expenses for Steering Committee members are reimbursed according to the,ArialMT,9.960000038146973,11.4041748046875,94,14,0,0,0,0,1,0.2197063330448035,6,12,Paragraph
policies of the Ontario Library Association,ArialMT,9.960000038146973,11.52374267578125,43,6,0,0,0,0,0,0.2342565131909919,7,12,Paragraph
9.3 Conflict of Interest:,ArialMT,9.960000038146973,11.52374267578125,25,4,0,1,0,0,1,0.2488066933371804,8,12,Paragraph
The ODL Steering Committee will function according to standard conflict of interest guidelines,ArialMT,9.960000038146973,11.52374267578125,94,13,0,0,0,0,0,0.2633568734833688,9,12,Paragraph
"ensuring that members,  their immediate family members, or their places of employment, will",ArialMT,9.960000038146973,11.523681640625,91,13,0,0,0,0,0,0.277906976564966,10,12,Paragraph
not benefit financially from the decisions  the Steering Committee might make. As a first,ArialMT,9.960000038146973,11.52374267578125,89,14,0,0,0,0,0,0.2924571567111545,11,12,Paragraph
"order of business, the Steering Committee will be expected to adopt a conflict of interest policy",ArialMT,9.960000038146973,11.4041748046875,97,16,0,0,0,0,0,0.3068563673231337,12,12,Paragraph
statement and procedural guidelines that will govern its work.,ArialMT,9.960000038146973,11.52374267578125,62,9,0,1,0,0,0,0.3214065474693221,13,12,Paragraph
RFP: To Develop the Ontario Digital Library Business Plan,Arial-BoldItalicMT,7.559999942779541,478.2141418457031,57,9,1,0,0,0,0,0.9252122821229876,14,12,Paragraph
March 2003,Arial-BoldItalicMT,7.559999942779541,0.0,10,2,1,0,0,1,0,0.9252122821229876,15,12,Paragraph
13,Arial-BlackItalic,9.0,-1.51824951171875,2,1,0,0,0,0,1,0.923295300416272,16,12,Paragraph
13,Arial-BlackItalic,9.0,0.2430419921875,2,1,0,0,0,0,1,0.9236021716185292,17,12,Paragraph
13,Arial-BlackItalic,9.0,0.0,2,1,0,0,0,0,1,0.9236021716185292,18,12,Paragraph
13,Arial-BlackItalic,9.0,-0.2430419921875,2,1,0,0,0,0,1,0.923295300416272,19,12,Paragraph
Appendix C:,Arial-Black,12.0,0.0,11,2,0,1,0,1,0,0.1171969307793511,0,13,Paragraph
ODL’s Envisioned Electronic Resources,Arial-Black,12.0,0.0,37,4,0,0,0,0,0,0.1171969307793511,1,13,Paragraph
The purpose of the ODL is to provide equal access to information for all Ontario citizens through,ArialMT,9.960000038146973,42.39270782470703,97,17,0,0,0,0,0,0.1707230770226681,2,13,Paragraph
collaboration and resource sharing. ODL will be a portal - capable of customization as,ArialMT,9.960000038146973,11.52374267578125,86,14,0,0,0,0,0,0.1852732571688565,3,13,Paragraph
"a home page for local libraries - to organized, comprehensive, authoritative and validated",ArialMT,9.960000038146973,11.52374267578125,90,13,0,0,0,0,0,0.1998234373150449,4,13,Paragraph
e-information resources to meet the needs of all Ontario citizens at all stages and in all aspects,ArialMT,9.960000038146973,11.4041748046875,98,17,0,0,0,0,0,0.2142226479270241,5,13,Paragraph
"of their education, life and work. Some examples:",ArialMT,9.960000038146973,11.52374267578125,49,8,0,1,0,0,0,0.2287728280732126,6,13,Paragraph
1. Reference Resources,ArialMT,9.960000038146973,23.0374755859375,22,3,0,0,0,1,1,0.2578605497726286,7,13,Paragraph
"- directories: companies, associations, organizations, governments, educational institutions,",ArialMT,9.960000038146973,23.0374755859375,93,8,0,0,0,0,0,0.2869482714720446,8,13,Paragraph
etc. etc.,ArialMT,9.960000038146973,11.4041748046875,9,2,0,1,0,0,0,0.3013474820840238,9,13,Paragraph
"- almanacs, country information",ArialMT,9.960000038146973,11.52374267578125,31,4,0,0,0,0,0,0.3158976622302122,10,13,Paragraph
"- dictionaries, thesauri, encyclopedias",ArialMT,9.960000038146973,11.52374267578125,39,4,0,0,0,0,0,0.3304478423764007,11,13,Paragraph
-consumer information,ArialMT,9.960000038146973,11.523712158203123,21,2,0,0,0,0,0,0.3449979839902936,12,13,Paragraph
"- phone books,",ArialMT,9.960000038146973,11.523712158203123,14,3,0,0,0,0,0,0.3595481256041864,13,13,Paragraph
"- travel guides, entertainment guides",ArialMT,9.960000038146973,11.404205322265623,37,5,0,0,0,0,0,0.3739473747484612,14,13,Paragraph
- weather information,ArialMT,9.960000038146973,11.523712158203123,21,3,0,0,0,0,0,0.388497516362354,15,13,Paragraph
- media/newspapers,ArialMT,9.960000038146973,11.523712158203123,18,2,0,0,0,0,0,0.4030476579762468,16,13,Paragraph
"- leisure time, recreational activity guides",ArialMT,9.960000038146973,11.523712158203123,44,6,0,0,0,0,0,0.4175977995901396,17,13,Paragraph
- indexing and abstracting services,ArialMT,9.960000038146973,11.523712158203123,35,5,0,0,0,0,0,0.4321479412040325,18,13,Paragraph
"- currency converters,",ArialMT,9.960000038146973,11.523712158203123,22,3,0,0,0,0,0,0.4466980828179253,19,13,Paragraph
- virtual reference services,ArialMT,9.960000038146973,11.404205322265623,28,4,0,0,0,0,0,0.4610973319622001,20,13,Paragraph
-vocational/career information,ArialMT,9.960000038146973,11.523712158203123,30,2,0,0,0,0,0,0.4756474735760929,21,13,Paragraph
-internet search engines,ArialMT,9.960000038146973,11.523712158203123,24,3,0,0,0,0,0,0.4901976151899858,22,13,Paragraph
-current awareness services,ArialMT,9.960000038146973,11.523712158203123,27,3,0,0,0,0,0,0.5047477568038786,23,13,Paragraph
2. Subject Guides,ArialMT,9.960000038146973,23.0374755859375,17,3,0,0,0,1,1,0.5338354785032947,24,13,Paragraph
-arts and humanities,ArialMT,9.960000038146973,22.91796875,20,3,0,0,0,0,0,0.5627723077330926,25,13,Paragraph
- business and economics,ArialMT,9.960000038146973,11.523712158203123,24,4,0,0,0,0,0,0.5773224493469855,26,13,Paragraph
- education,ArialMT,9.960000038146973,11.52374267578125,11,2,0,0,0,0,0,0.5918726294931739,27,13,Paragraph
-recreation and sports,ArialMT,9.960000038146973,11.523712158203123,22,3,0,0,0,0,0,0.6064227711070668,28,13,Paragraph
"-entertainment - games, activities for kids",ArialMT,9.960000038146973,11.404205322265623,43,6,0,0,0,0,0,0.6208220202513416,29,13,Paragraph
-health information,ArialMT,9.960000038146973,11.523773193359377,19,2,0,0,0,0,0,0.6353722389298256,30,13,Paragraph
-science and technology,ArialMT,9.960000038146973,11.523712158203123,23,3,0,0,0,0,0,0.6499223805437184,31,13,Paragraph
-social sciences,ArialMT,9.960000038146973,11.523681640625,16,2,0,0,0,0,0,0.6644724836253156,32,13,Paragraph
-society and culture,ArialMT,9.960000038146973,11.523681640625,20,3,0,0,0,0,0,0.6790225867069128,33,13,Paragraph
3. Educational tool-kits,ArialMT,9.960000038146973,22.91796875,24,3,0,0,0,0,1,0.7079594159367109,34,13,Paragraph
"-guides to information gathering methodologies, information literacy",ArialMT,9.960000038146973,23.0374755859375,68,7,0,0,0,0,0,0.737047137636127,35,13,Paragraph
-study guides,ArialMT,9.960000038146973,11.523681640625,13,2,0,0,0,0,0,0.7515972407177242,36,13,Paragraph
-study skill development,ArialMT,9.960000038146973,11.5238037109375,24,3,0,0,0,0,0,0.7661474979285038,37,13,Paragraph
-web-based curricula,ArialMT,9.960000038146973,11.523681640625,20,2,0,0,0,0,0,0.780697601010101,38,13,Paragraph
-internet search guides,ArialMT,9.960000038146973,11.404296875,23,3,0,0,0,0,0,0.7950969657512627,39,13,Paragraph
"4. Journals, books, maps, music etc.",ArialMT,9.960000038146973,23.0374755859375,36,6,0,1,0,0,1,0.8241846874506786,40,13,Paragraph
RFP: To Develop the Ontario Digital Library Business Plan,Arial-BoldItalicMT,7.559999942779541,80.01385498046875,57,9,1,0,0,0,0,0.9252122821229876,41,13,Paragraph
March 2003,Arial-BoldItalicMT,7.559999942779541,0.0,10,2,1,0,0,1,0,0.9252122821229876,42,13,Paragraph
14,Arial-BlackItalic,9.0,-1.51824951171875,2,1,0,0,0,0,1,0.923295300416272,43,13,Paragraph
14,Arial-BlackItalic,9.0,0.2430419921875,2,1,0,0,0,0,1,0.9236021716185292,44,13,Paragraph
14,Arial-BlackItalic,9.0,0.0,2,1,0,0,0,0,1,0.9236021716185292,45,13,Paragraph
14,Arial-BlackItalic,9.0,-0.2430419921875,2,1,0,0,0,0,1,0.923295300416272,46,13,Paragraph
